111111,John,john@abc.com
222222,Marry,marry@abc.com
333333,Atish,atish@abc.com
444444,Long,long@abc.com
555555,Liang,liang@abc.com
666666,Mia,mia@abc.com
777777,Louis,luis@abc.com
888888,Jenny,jenny@abc.com
